{
  "dim_names": [
    "x",
    "y",
    "z",
    "roll",
    "pitch",
    "yaw",
    "body_yaw",
    "ant_right",
    "ant_left"
  ],
  "safe_min": [
    -0.05,
    -0.05,
    -0.055,
    -0.8,
    -0.75,
    -1.2,
    -2.8,
    -3.2,
    -3.2
  ],
  "safe_max": [
    0.03,
    0.05,
    0.02,
    0.8,
    0.7,
    0.9,
    2.8,
    3.2,
    3.2
  ],
  "max_vel": [
    0.1,
    0.1,
    0.1,
    2.0,
    2.0,
    2.0,
    2.0,
    6.0,
    6.0
  ],
  "achieved_hz": 49.99962358522184,
  "max_jitter_ms": 0.9913000003325578
}